{
  "v": "5.2.0",
  "fr": 29.9700012207031,
  "ip": 0,
  "op": 105.000004276738,
  "w": 1920,
  "h": 1440,
  "nm": "圓圓",
  "ddd": 0,
  "assets": [],
  "fonts": {
    "list": [
      {
        "fName": "ArialMT",
        "fFamily": "Arial",
        "fStyle": "Regular",
        "ascent": 71.5988159179688
      }
    ]
  },
  "layers": [
    {
      "ddd": 0,
      "ind": 1,
      "ty": 4,
      "nm": "Shape Layer 1",
      "sr": 1,
      "ks": {
        "o": {
          "a": 0,
          "k": 100,
          "ix": 11
        },
        "r": {
          "a": 0,
          "k": 0,
          "ix": 10
        },
        "p": {
          "a": 0,
          "k": [
            960,
            720,
            0
          ],
          "ix": 2
        },
        "a": {
          "a": 0,
          "k": [
            0,
            0,
            0
          ],
          "ix": 1
        },
        "s": {
          "a": 0,
          "k": [
            100,
            100,
            100
          ],
          "ix": 6
        }
      },
      "ao": 0,
      "shapes": [
        {
          "ty": "gr",
          "it": [
            {
              "ind": 0,
              "ty": "sh",
              "ix": 1,
              "ks": {
                "a": 0,
                "k": {
                  "i": [
                    [
                      208.63,
                      0
                    ],
                    [
                      0,
                      -208.63
                    ],
                    [
                      -208.63,
                      0
                    ],
                    [
                      0,
                      208.63
                    ]
                  ],
                  "o": [
                    [
                      -208.63,
                      0
                    ],
                    [
                      0,
                      208.63
                    ],
                    [
                      208.63,
                      0
                    ],
                    [
                      0,
                      -208.63
                    ]
                  ],
                  "v": [
                    [
                      0,
                      -377.758
                    ],
                    [
                      -377.758,
                      0
                    ],
                    [
                      0,
                      377.758
                    ],
                    [
                      377.758,
                      0
                    ]
                  ],
                  "c": true
                },
                "ix": 2
              },
              "nm": "Path 1",
              "mn": "ADBE Vector Shape - Group",
              "hd": false
            },
            {
              "ty": "st",
              "c": {
                "a": 0,
                "k": [
                  0,
                  1,
                  0.516452265721,
                  1
                ],
                "ix": 3
              },
              "o": {
                "a": 0,
                "k": 100,
                "ix": 4
              },
              "w": {
                "a": 0,
                "k": 46,
                "ix": 5
              },
              "lc": 1,
              "lj": 1,
              "ml": 4,
              "ml2": {
                "a": 0,
                "k": 4,
                "ix": 8
              },
              "d": [
                {
                  "n": "d",
                  "nm": "dash",
                  "v": {
                    "a": 0,
                    "k": 4,
                    "ix": 1
                  }
                },
                {
                  "n": "o",
                  "nm": "offset",
                  "v": {
                    "a": 0,
                    "k": 0,
                    "ix": 7
                  }
                }
              ],
              "nm": "Stroke 1",
              "mn": "ADBE Vector Graphic - Stroke",
              "hd": false
            },
            {
              "ty": "tr",
              "p": {
                "a": 0,
                "k": [
                  -2,
                  -2
                ],
                "ix": 2
              },
              "a": {
                "a": 0,
                "k": [
                  0,
                  0
                ],
                "ix": 1
              },
              "s": {
                "a": 0,
                "k": [
                  100,
                  100
                ],
                "ix": 3
              },
              "r": {
                "a": 0,
                "k": 0,
                "ix": 6
              },
              "o": {
                "a": 0,
                "k": 100,
                "ix": 7
              },
              "sk": {
                "a": 0,
                "k": 0,
                "ix": 4
              },
              "sa": {
                "a": 0,
                "k": 0,
                "ix": 5
              },
              "nm": "Transform"
            }
          ],
          "nm": "Ellipse 1",
          "np": 3,
          "cix": 2,
          "ix": 1,
          "mn": "ADBE Vector Group",
          "hd": false
        },
        {
          "ty": "tm",
          "s": {
            "a": 1,
            "k": [
              {
                "i": {
                  "x": [
                    0.667
                  ],
                  "y": [
                    1
                  ]
                },
                "o": {
                  "x": [
                    0.333
                  ],
                  "y": [
                    0
                  ]
                },
                "n": [
                  "0p667_1_0p333_0"
                ],
                "t": 0,
                "s": [
                  100
                ],
                "e": [
                  0
                ]
              },
              {
                "t": 60.0000024438501
              }
            ],
            "ix": 1
          },
          "e": {
            "a": 1,
            "k": [
              {
                "i": {
                  "x": [
                    0.667
                  ],
                  "y": [
                    95755564.296
                  ]
                },
                "o": {
                  "x": [
                    0.333
                  ],
                  "y": [
                    0
                  ]
                },
                "n": [
                  "0p667_95755564p296_0p333_0"
                ],
                "t": 23,
                "s": [
                  100
                ],
                "e": [
                  100
                ]
              },
              {
                "i": {
                  "x": [
                    0.667
                  ],
                  "y": [
                    1
                  ]
                },
                "o": {
                  "x": [
                    0.333
                  ],
                  "y": [
                    0.332
                  ]
                },
                "n": [
                  "0p667_1_0p333_0p332"
                ],
                "t": 60,
                "s": [
                  100
                ],
                "e": [
                  0
                ]
              },
              {
                "t": 105.000004276738
              }
            ],
            "ix": 2
          },
          "o": {
            "a": 0,
            "k": 0,
            "ix": 3
          },
          "m": 1,
          "ix": 2,
          "nm": "Trim Paths 1",
          "mn": "ADBE Vector Filter - Trim",
          "hd": false
        }
      ],
      "ip": 0,
      "op": 120.0000048877,
      "st": 0,
      "bm": 0
    },
    {
      "ddd": 0,
      "ind": 2,
      "ty": 5,
      "nm": "loading...",
      "sr": 1,
      "ks": {
        "o": {
          "a": 0,
          "k": 100,
          "ix": 11
        },
        "r": {
          "a": 0,
          "k": 0,
          "ix": 10
        },
        "p": {
          "a": 0,
          "k": [
            960.492,
            745.787,
            0
          ],
          "ix": 2
        },
        "a": {
          "a": 0,
          "k": [
            0,
            0,
            0
          ],
          "ix": 1
        },
        "s": {
          "a": 0,
          "k": [
            100,
            100,
            100
          ],
          "ix": 6
        }
      },
      "ao": 0,
      "t": {
        "d": {
          "k": [
            {
              "s": {
                "s": 72,
                "f": "ArialMT",
                "t": "LOADING...",
                "j": 2,
                "tr": 0,
                "lh": 86.4,
                "ls": 0,
                "fc": [
                  1,
                  1,
                  1
                ]
              },
              "t": 0
            }
          ]
        },
        "p": {},
        "m": {
          "g": 1,
          "a": {
            "a": 0,
            "k": [
              0,
              0
            ],
            "ix": 2
          }
        },
        "a": []
      },
      "ip": 0,
      "op": 135.000005498663,
      "st": 0,
      "bm": 0
    },
    {
      "ddd": 0,
      "ind": 3,
      "ty": 4,
      "nm": "\rline",
      "sr": 1,
      "ks": {
        "o": {
          "a": 0,
          "k": 100,
          "ix": 11
        },
        "r": {
          "a": 0,
          "k": 0,
          "ix": 10
        },
        "p": {
          "a": 0,
          "k": [
            960,
            720,
            0
          ],
          "ix": 2
        },
        "a": {
          "a": 0,
          "k": [
            -8,
            260,
            0
          ],
          "ix": 1
        },
        "s": {
          "a": 0,
          "k": [
            100,
            100,
            100
          ],
          "ix": 6
        }
      },
      "ao": 0,
      "shapes": [
        {
          "ty": "gr",
          "it": [
            {
              "ind": 0,
              "ty": "sh",
              "ix": 1,
              "ks": {
                "a": 0,
                "k": {
                  "i": [
                    [
                      0,
                      0
                    ]
                  ],
                  "o": [
                    [
                      0,
                      0
                    ]
                  ],
                  "v": [
                    [
                      -576,
                      277
                    ]
                  ],
                  "c": false
                },
                "ix": 2
              },
              "nm": "Path 1",
              "mn": "ADBE Vector Shape - Group",
              "hd": false
            },
            {
              "ty": "st",
              "c": {
                "a": 0,
                "k": [
                  0.592279411765,
                  0.592279411765,
                  0.592279411765,
                  1
                ],
                "ix": 3
              },
              "o": {
                "a": 0,
                "k": 100,
                "ix": 4
              },
              "w": {
                "a": 0,
                "k": 12,
                "ix": 5
              },
              "lc": 1,
              "lj": 1,
              "ml": 4,
              "ml2": {
                "a": 0,
                "k": 4,
                "ix": 8
              },
              "nm": "Stroke 1",
              "mn": "ADBE Vector Graphic - Stroke",
              "hd": false
            },
            {
              "ty": "tr",
              "p": {
                "a": 0,
                "k": [
                  0,
                  0
                ],
                "ix": 2
              },
              "a": {
                "a": 0,
                "k": [
                  0,
                  0
                ],
                "ix": 1
              },
              "s": {
                "a": 0,
                "k": [
                  100,
                  100
                ],
                "ix": 3
              },
              "r": {
                "a": 0,
                "k": 0,
                "ix": 6
              },
              "o": {
                "a": 0,
                "k": 100,
                "ix": 7
              },
              "sk": {
                "a": 0,
                "k": 0,
                "ix": 4
              },
              "sa": {
                "a": 0,
                "k": 0,
                "ix": 5
              },
              "nm": "Transform"
            }
          ],
          "nm": "Shape 2",
          "np": 3,
          "cix": 2,
          "ix": 1,
          "mn": "ADBE Vector Group",
          "hd": false
        },
        {
          "ty": "gr",
          "it": [
            {
              "ind": 0,
              "ty": "sh",
              "ix": 1,
              "ks": {
                "a": 0,
                "k": {
                  "i": [
                    [
                      0,
                      0
                    ],
                    [
                      0,
                      0
                    ]
                  ],
                  "o": [
                    [
                      0,
                      0
                    ],
                    [
                      0,
                      0
                    ]
                  ],
                  "v": [
                    [
                      0,
                      0
                    ],
                    [
                      0,
                      -159
                    ]
                  ],
                  "c": false
                },
                "ix": 2
              },
              "nm": "Path 1",
              "mn": "ADBE Vector Shape - Group",
              "hd": false
            },
            {
              "ty": "st",
              "c": {
                "a": 0,
                "k": [
                  0.592279411765,
                  0.592279411765,
                  0.592279411765,
                  1
                ],
                "ix": 3
              },
              "o": {
                "a": 0,
                "k": 100,
                "ix": 4
              },
              "w": {
                "a": 0,
                "k": 12,
                "ix": 5
              },
              "lc": 2,
              "lj": 1,
              "ml": 4,
              "ml2": {
                "a": 0,
                "k": 4,
                "ix": 8
              },
              "nm": "Stroke 1",
              "mn": "ADBE Vector Graphic - Stroke",
              "hd": false
            },
            {
              "ty": "rp",
              "c": {
                "a": 0,
                "k": 17,
                "ix": 1
              },
              "o": {
                "a": 0,
                "k": 0,
                "ix": 2
              },
              "m": 1,
              "ix": 4,
              "tr": {
                "ty": "tr",
                "p": {
                  "a": 0,
                  "k": [
                    0,
                    0
                  ],
                  "ix": 2
                },
                "a": {
                  "a": 0,
                  "k": [
                    0,
                    262
                  ],
                  "ix": 1
                },
                "s": {
                  "a": 0,
                  "k": [
                    100,
                    100
                  ],
                  "ix": 3
                },
                "r": {
                  "a": 0,
                  "k": 21,
                  "ix": 4
                },
                "so": {
                  "a": 0,
                  "k": 100,
                  "ix": 5
                },
                "eo": {
                  "a": 0,
                  "k": 100,
                  "ix": 6
                },
                "nm": "Transform"
              },
              "nm": "Repeater 1",
              "mn": "ADBE Vector Filter - Repeater",
              "hd": false
            },
            {
              "ty": "tr",
              "p": {
                "a": 0,
                "k": [
                  0,
                  0
                ],
                "ix": 2
              },
              "a": {
                "a": 0,
                "k": [
                  0,
                  0
                ],
                "ix": 1
              },
              "s": {
                "a": 0,
                "k": [
                  100,
                  100
                ],
                "ix": 3
              },
              "r": {
                "a": 0,
                "k": 0,
                "ix": 6
              },
              "o": {
                "a": 0,
                "k": 100,
                "ix": 7
              },
              "sk": {
                "a": 0,
                "k": 0,
                "ix": 4
              },
              "sa": {
                "a": 0,
                "k": 0,
                "ix": 5
              },
              "nm": "Transform"
            }
          ],
          "nm": "Shape 1",
          "np": 4,
          "cix": 2,
          "ix": 2,
          "mn": "ADBE Vector Group",
          "hd": false
        },
        {
          "ty": "tm",
          "s": {
            "a": 1,
            "k": [
              {
                "i": {
                  "x": [
                    0.667
                  ],
                  "y": [
                    1
                  ]
                },
                "o": {
                  "x": [
                    0.333
                  ],
                  "y": [
                    0
                  ]
                },
                "n": [
                  "0p667_1_0p333_0"
                ],
                "t": 95,
                "s": [
                  0
                ],
                "e": [
                  100
                ]
              },
              {
                "t": 110.000004480392
              }
            ],
            "ix": 1
          },
          "e": {
            "a": 1,
            "k": [
              {
                "i": {
                  "x": [
                    0.667
                  ],
                  "y": [
                    1
                  ]
                },
                "o": {
                  "x": [
                    0.333
                  ],
                  "y": [
                    0
                  ]
                },
                "n": [
                  "0p667_1_0p333_0"
                ],
                "t": 90,
                "s": [
                  0
                ],
                "e": [
                  100
                ]
              },
              {
                "t": 105.000004276738
              }
            ],
            "ix": 2
          },
          "o": {
            "a": 0,
            "k": 0,
            "ix": 3
          },
          "m": 1,
          "ix": 3,
          "nm": "Trim Paths 1",
          "mn": "ADBE Vector Filter - Trim",
          "hd": false
        }
      ],
      "ip": 90.0000036657751,
      "op": 128.000005213547,
      "st": 90.0000036657751,
      "bm": 0
    },
    {
      "ddd": 0,
      "ind": 4,
      "ty": 4,
      "nm": "\rcircle1",
      "sr": 1,
      "ks": {
        "o": {
          "a": 0,
          "k": 100,
          "ix": 11
        },
        "r": {
          "a": 1,
          "k": [
            {
              "i": {
                "x": [
                  0.667
                ],
                "y": [
                  1
                ]
              },
              "o": {
                "x": [
                  0.333
                ],
                "y": [
                  0
                ]
              },
              "n": [
                "0p667_1_0p333_0"
              ],
              "t": 0,
              "s": [
                0
              ],
              "e": [
                -270
              ]
            },
            {
              "t": 90.0000036657751
            }
          ],
          "ix": 10
        },
        "p": {
          "a": 0,
          "k": [
            960,
            720,
            0
          ],
          "ix": 2
        },
        "a": {
          "a": 0,
          "k": [
            -6,
            -10,
            0
          ],
          "ix": 1
        },
        "s": {
          "a": 0,
          "k": [
            179.866,
            179.866,
            100
          ],
          "ix": 6
        }
      },
      "ao": 0,
      "shapes": [
        {
          "ty": "gr",
          "it": [
            {
              "d": 1,
              "ty": "el",
              "s": {
                "a": 0,
                "k": [
                  420.703,
                  420.703
                ],
                "ix": 2
              },
              "p": {
                "a": 0,
                "k": [
                  0,
                  0
                ],
                "ix": 3
              },
              "nm": "Ellipse Path 1",
              "mn": "ADBE Vector Shape - Ellipse",
              "hd": false
            },
            {
              "ty": "st",
              "c": {
                "a": 0,
                "k": [
                  0.188813961253,
                  0.195741421569,
                  0.188533049939,
                  1
                ],
                "ix": 3
              },
              "o": {
                "a": 0,
                "k": 100,
                "ix": 4
              },
              "w": {
                "a": 0,
                "k": 22,
                "ix": 5
              },
              "lc": 2,
              "lj": 1,
              "ml": 4,
              "ml2": {
                "a": 0,
                "k": 4,
                "ix": 8
              },
              "nm": "Stroke 1",
              "mn": "ADBE Vector Graphic - Stroke",
              "hd": false
            },
            {
              "ty": "st",
              "c": {
                "a": 0,
                "k": [
                  0.188813961253,
                  0.195741421569,
                  0.188533049939,
                  1
                ],
                "ix": 3
              },
              "o": {
                "a": 0,
                "k": 100,
                "ix": 4
              },
              "w": {
                "a": 0,
                "k": 22,
                "ix": 5
              },
              "lc": 1,
              "lj": 1,
              "ml": 4,
              "ml2": {
                "a": 0,
                "k": 4,
                "ix": 8
              },
              "nm": "Stroke 2",
              "mn": "ADBE Vector Graphic - Stroke",
              "hd": false
            },
            {
              "ty": "tr",
              "p": {
                "a": 0,
                "k": [
                  -6.482,
                  -9.107
                ],
                "ix": 2
              },
              "a": {
                "a": 0,
                "k": [
                  0,
                  0
                ],
                "ix": 1
              },
              "s": {
                "a": 0,
                "k": [
                  121,
                  121
                ],
                "ix": 3
              },
              "r": {
                "a": 0,
                "k": 0,
                "ix": 6
              },
              "o": {
                "a": 0,
                "k": 100,
                "ix": 7
              },
              "sk": {
                "a": 0,
                "k": 0,
                "ix": 4
              },
              "sa": {
                "a": 0,
                "k": 0,
                "ix": 5
              },
              "nm": "Transform"
            }
          ],
          "nm": "Ellipse 1",
          "np": 4,
          "cix": 2,
          "ix": 1,
          "mn": "ADBE Vector Group",
          "hd": false
        },
        {
          "ty": "tm",
          "s": {
            "a": 1,
            "k": [
              {
                "i": {
                  "x": [
                    0.667
                  ],
                  "y": [
                    1
                  ]
                },
                "o": {
                  "x": [
                    0.333
                  ],
                  "y": [
                    0
                  ]
                },
                "n": [
                  "0p667_1_0p333_0"
                ],
                "t": 0,
                "s": [
                  100
                ],
                "e": [
                  0
                ]
              },
              {
                "t": 60.0000024438501
              }
            ],
            "ix": 1
          },
          "e": {
            "a": 1,
            "k": [
              {
                "i": {
                  "x": [
                    0.667
                  ],
                  "y": [
                    1
                  ]
                },
                "o": {
                  "x": [
                    0.333
                  ],
                  "y": [
                    0
                  ]
                },
                "n": [
                  "0p667_1_0p333_0"
                ],
                "t": 23,
                "s": [
                  100
                ],
                "e": [
                  0
                ]
              },
              {
                "t": 90.0000036657751
              }
            ],
            "ix": 2
          },
          "o": {
            "a": 0,
            "k": 360,
            "ix": 3
          },
          "m": 1,
          "ix": 2,
          "nm": "Trim Paths 1",
          "mn": "ADBE Vector Filter - Trim",
          "hd": false
        }
      ],
      "ip": 0,
      "op": 120.0000048877,
      "st": 0,
      "bm": 0
    },
    {
      "ddd": 0,
      "ind": 5,
      "ty": 4,
      "nm": "\rcircle2",
      "sr": 1,
      "ks": {
        "o": {
          "a": 0,
          "k": 100,
          "ix": 11
        },
        "r": {
          "a": 1,
          "k": [
            {
              "i": {
                "x": [
                  0.667
                ],
                "y": [
                  1
                ]
              },
              "o": {
                "x": [
                  0.333
                ],
                "y": [
                  0
                ]
              },
              "n": [
                "0p667_1_0p333_0"
              ],
              "t": 15,
              "s": [
                0
              ],
              "e": [
                -360
              ]
            },
            {
              "t": 105.000004276738
            }
          ],
          "ix": 10
        },
        "p": {
          "a": 0,
          "k": [
            960,
            720,
            0
          ],
          "ix": 2
        },
        "a": {
          "a": 0,
          "k": [
            -6,
            -10,
            0
          ],
          "ix": 1
        },
        "s": {
          "a": 0,
          "k": [
            122.819,
            122.819,
            100
          ],
          "ix": 6
        }
      },
      "ao": 0,
      "shapes": [
        {
          "ty": "gr",
          "it": [
            {
              "d": 1,
              "ty": "el",
              "s": {
                "a": 0,
                "k": [
                  420.703,
                  420.703
                ],
                "ix": 2
              },
              "p": {
                "a": 0,
                "k": [
                  0,
                  0
                ],
                "ix": 3
              },
              "nm": "Ellipse Path 1",
              "mn": "ADBE Vector Shape - Ellipse",
              "hd": false
            },
            {
              "ty": "st",
              "c": {
                "a": 0,
                "k": [
                  1,
                  0.482352941176,
                  0.301960784314,
                  1
                ],
                "ix": 3
              },
              "o": {
                "a": 0,
                "k": 100,
                "ix": 4
              },
              "w": {
                "a": 0,
                "k": 5,
                "ix": 5
              },
              "lc": 2,
              "lj": 1,
              "ml": 4,
              "ml2": {
                "a": 0,
                "k": 4,
                "ix": 8
              },
              "nm": "Stroke 1",
              "mn": "ADBE Vector Graphic - Stroke",
              "hd": false
            },
            {
              "ty": "st",
              "c": {
                "a": 0,
                "k": [
                  1,
                  0.482352941176,
                  0.301960784314,
                  1
                ],
                "ix": 3
              },
              "o": {
                "a": 0,
                "k": 100,
                "ix": 4
              },
              "w": {
                "a": 0,
                "k": 5,
                "ix": 5
              },
              "lc": 1,
              "lj": 1,
              "ml": 4,
              "ml2": {
                "a": 0,
                "k": 4,
                "ix": 8
              },
              "nm": "Stroke 2",
              "mn": "ADBE Vector Graphic - Stroke",
              "hd": false
            },
            {
              "ty": "tr",
              "p": {
                "a": 0,
                "k": [
                  -6,
                  -10
                ],
                "ix": 2
              },
              "a": {
                "a": 0,
                "k": [
                  0,
                  0
                ],
                "ix": 1
              },
              "s": {
                "a": 0,
                "k": [
                  100,
                  100
                ],
                "ix": 3
              },
              "r": {
                "a": 0,
                "k": 0,
                "ix": 6
              },
              "o": {
                "a": 0,
                "k": 100,
                "ix": 7
              },
              "sk": {
                "a": 0,
                "k": 0,
                "ix": 4
              },
              "sa": {
                "a": 0,
                "k": 0,
                "ix": 5
              },
              "nm": "Transform"
            }
          ],
          "nm": "Ellipse 1",
          "np": 4,
          "cix": 2,
          "ix": 1,
          "mn": "ADBE Vector Group",
          "hd": false
        },
        {
          "ty": "tm",
          "s": {
            "a": 1,
            "k": [
              {
                "i": {
                  "x": [
                    0.667
                  ],
                  "y": [
                    1
                  ]
                },
                "o": {
                  "x": [
                    0.333
                  ],
                  "y": [
                    0
                  ]
                },
                "n": [
                  "0p667_1_0p333_0"
                ],
                "t": 15,
                "s": [
                  100
                ],
                "e": [
                  0
                ]
              },
              {
                "t": 75.0000030548126
              }
            ],
            "ix": 1
          },
          "e": {
            "a": 1,
            "k": [
              {
                "i": {
                  "x": [
                    0.667
                  ],
                  "y": [
                    1
                  ]
                },
                "o": {
                  "x": [
                    0.333
                  ],
                  "y": [
                    0
                  ]
                },
                "n": [
                  "0p667_1_0p333_0"
                ],
                "t": 38,
                "s": [
                  100
                ],
                "e": [
                  0
                ]
              },
              {
                "t": 105.000004276738
              }
            ],
            "ix": 2
          },
          "o": {
            "a": 0,
            "k": 360,
            "ix": 3
          },
          "m": 1,
          "ix": 2,
          "nm": "Trim Paths 1",
          "mn": "ADBE Vector Filter - Trim",
          "hd": false
        }
      ],
      "ip": 0,
      "op": 120.0000048877,
      "st": 0,
      "bm": 0
    },
    {
      "ddd": 0,
      "ind": 6,
      "ty": 4,
      "nm": "\rcircle3",
      "sr": 1,
      "ks": {
        "o": {
          "a": 0,
          "k": 100,
          "ix": 11
        },
        "r": {
          "a": 1,
          "k": [
            {
              "i": {
                "x": [
                  0.667
                ],
                "y": [
                  1
                ]
              },
              "o": {
                "x": [
                  0.333
                ],
                "y": [
                  0
                ]
              },
              "n": [
                "0p667_1_0p333_0"
              ],
              "t": 0,
              "s": [
                0
              ],
              "e": [
                -540
              ]
            },
            {
              "t": 105.000004276738
            }
          ],
          "ix": 10
        },
        "p": {
          "a": 0,
          "k": [
            962,
            720,
            0
          ],
          "ix": 2
        },
        "a": {
          "a": 0,
          "k": [
            -6,
            -10,
            0
          ],
          "ix": 1
        },
        "s": {
          "a": 0,
          "k": [
            153.244,
            153.244,
            100
          ],
          "ix": 6
        }
      },
      "ao": 0,
      "shapes": [
        {
          "ty": "gr",
          "it": [
            {
              "d": 1,
              "ty": "el",
              "s": {
                "a": 0,
                "k": [
                  420.703,
                  420.703
                ],
                "ix": 2
              },
              "p": {
                "a": 0,
                "k": [
                  0,
                  0
                ],
                "ix": 3
              },
              "nm": "Ellipse Path 1",
              "mn": "ADBE Vector Shape - Ellipse",
              "hd": false
            },
            {
              "ty": "st",
              "c": {
                "a": 0,
                "k": [
                  0.364981617647,
                  0.359837879854,
                  0.359837879854,
                  1
                ],
                "ix": 3
              },
              "o": {
                "a": 0,
                "k": 100,
                "ix": 4
              },
              "w": {
                "a": 0,
                "k": 12,
                "ix": 5
              },
              "lc": 2,
              "lj": 1,
              "ml": 4,
              "ml2": {
                "a": 0,
                "k": 4,
                "ix": 8
              },
              "nm": "Stroke 1",
              "mn": "ADBE Vector Graphic - Stroke",
              "hd": false
            },
            {
              "ty": "st",
              "c": {
                "a": 0,
                "k": [
                  0.364981617647,
                  0.359837879854,
                  0.359837879854,
                  1
                ],
                "ix": 3
              },
              "o": {
                "a": 0,
                "k": 100,
                "ix": 4
              },
              "w": {
                "a": 0,
                "k": 12,
                "ix": 5
              },
              "lc": 1,
              "lj": 1,
              "ml": 4,
              "ml2": {
                "a": 0,
                "k": 4,
                "ix": 8
              },
              "nm": "Stroke 2",
              "mn": "ADBE Vector Graphic - Stroke",
              "hd": false
            },
            {
              "ty": "tr",
              "p": {
                "a": 0,
                "k": [
                  -6,
                  -10
                ],
                "ix": 2
              },
              "a": {
                "a": 0,
                "k": [
                  0,
                  0
                ],
                "ix": 1
              },
              "s": {
                "a": 0,
                "k": [
                  100,
                  100
                ],
                "ix": 3
              },
              "r": {
                "a": 0,
                "k": 0,
                "ix": 6
              },
              "o": {
                "a": 0,
                "k": 100,
                "ix": 7
              },
              "sk": {
                "a": 0,
                "k": 0,
                "ix": 4
              },
              "sa": {
                "a": 0,
                "k": 0,
                "ix": 5
              },
              "nm": "Transform"
            }
          ],
          "nm": "Ellipse 1",
          "np": 4,
          "cix": 2,
          "ix": 1,
          "mn": "ADBE Vector Group",
          "hd": false
        },
        {
          "ty": "tm",
          "s": {
            "a": 1,
            "k": [
              {
                "i": {
                  "x": [
                    0.667
                  ],
                  "y": [
                    1
                  ]
                },
                "o": {
                  "x": [
                    0.333
                  ],
                  "y": [
                    0
                  ]
                },
                "n": [
                  "0p667_1_0p333_0"
                ],
                "t": 0,
                "s": [
                  100
                ],
                "e": [
                  0
                ]
              },
              {
                "t": 60.0000024438501
              }
            ],
            "ix": 1
          },
          "e": {
            "a": 1,
            "k": [
              {
                "i": {
                  "x": [
                    0.667
                  ],
                  "y": [
                    1
                  ]
                },
                "o": {
                  "x": [
                    0.333
                  ],
                  "y": [
                    0
                  ]
                },
                "n": [
                  "0p667_1_0p333_0"
                ],
                "t": 23,
                "s": [
                  100
                ],
                "e": [
                  0
                ]
              },
              {
                "t": 90.0000036657751
              }
            ],
            "ix": 2
          },
          "o": {
            "a": 0,
            "k": 360,
            "ix": 3
          },
          "m": 1,
          "ix": 2,
          "nm": "Trim Paths 1",
          "mn": "ADBE Vector Filter - Trim",
          "hd": false
        }
      ],
      "ip": 0,
      "op": 120.0000048877,
      "st": 0,
      "bm": 0
    }
  ],
  "markers": [],
  "chars": [
    {
      "ch": "L",
      "size": 72,
      "style": "Regular",
      "w": 55.62,
      "data": {
        "shapes": [
          {
            "ty": "gr",
            "it": [
              {
                "ind": 0,
                "ty": "sh",
                "ix": 1,
                "ks": {
                  "a": 0,
                  "k": {
                    "i": [
                      [
                        0,
                        0
                      ],
                      [
                        0,
                        0
                      ],
                      [
                        0,
                        0
                      ],
                      [
                        0,
                        0
                      ],
                      [
                        0,
                        0
                      ],
                      [
                        0,
                        0
                      ]
                    ],
                    "o": [
                      [
                        0,
                        0
                      ],
                      [
                        0,
                        0
                      ],
                      [
                        0,
                        0
                      ],
                      [
                        0,
                        0
                      ],
                      [
                        0,
                        0
                      ],
                      [
                        0,
                        0
                      ]
                    ],
                    "v": [
                      [
                        52.051,
                        0
                      ],
                      [
                        52.051,
                        -8.447
                      ],
                      [
                        16.797,
                        -8.447
                      ],
                      [
                        16.797,
                        -71.582
                      ],
                      [
                        7.324,
                        -71.582
                      ],
                      [
                        7.324,
                        0
                      ]
                    ],
                    "c": true
                  },
                  "ix": 2
                },
                "nm": "L",
                "mn": "ADBE Vector Shape - Group",
                "hd": false
              }
            ],
            "nm": "L",
            "np": 3,
            "cix": 2,
            "ix": 1,
            "mn": "ADBE Vector Group",
            "hd": false
          }
        ]
      },
      "fFamily": "Arial"
    },
    {
      "ch": "O",
      "size": 72,
      "style": "Regular",
      "w": 77.78,
      "data": {
        "shapes": [
          {
            "ty": "gr",
            "it": [
              {
                "ind": 0,
                "ty": "sh",
                "ix": 1,
                "ks": {
                  "a": 0,
                  "k": {
                    "i": [
                      [
                        -2.734,
                        -5.631
                      ],
                      [
                        -5.306,
                        -3.255
                      ],
                      [
                        -6.738,
                        0
                      ],
                      [
                        -5.371,
                        2.946
                      ],
                      [
                        -2.93,
                        5.73
                      ],
                      [
                        0,
                        7.259
                      ],
                      [
                        2.783,
                        5.648
                      ],
                      [
                        5.305,
                        3.158
                      ],
                      [
                        6.608,
                        0
                      ],
                      [
                        6.38,
                        -6.721
                      ],
                      [
                        0,
                        -11.881
                      ]
                    ],
                    "o": [
                      [
                        2.734,
                        5.632
                      ],
                      [
                        5.305,
                        3.255
                      ],
                      [
                        6.217,
                        0
                      ],
                      [
                        5.371,
                        -2.946
                      ],
                      [
                        2.93,
                        -5.729
                      ],
                      [
                        0,
                        -7.161
                      ],
                      [
                        -2.783,
                        -5.647
                      ],
                      [
                        -5.306,
                        -3.157
                      ],
                      [
                        -10.091,
                        0
                      ],
                      [
                        -6.38,
                        6.722
                      ],
                      [
                        0,
                        6.283
                      ]
                    ],
                    "v": [
                      [
                        8.936,
                        -16.992
                      ],
                      [
                        20.996,
                        -3.662
                      ],
                      [
                        39.062,
                        1.221
                      ],
                      [
                        56.445,
                        -3.198
                      ],
                      [
                        68.896,
                        -16.211
                      ],
                      [
                        73.291,
                        -35.693
                      ],
                      [
                        69.116,
                        -54.907
                      ],
                      [
                        56.982,
                        -68.115
                      ],
                      [
                        39.111,
                        -72.852
                      ],
                      [
                        14.404,
                        -62.769
                      ],
                      [
                        4.834,
                        -34.863
                      ]
                    ],
                    "c": true
                  },
                  "ix": 2
                },
                "nm": "O",
                "mn": "ADBE Vector Shape - Group",
                "hd": false
              },
              {
                "ind": 1,
                "ty": "sh",
                "ix": 2,
                "ks": {
                  "a": 0,
                  "k": {
                    "i": [
                      [
                        -4.834,
                        4.607
                      ],
                      [
                        -6.706,
                        0
                      ],
                      [
                        -3.793,
                        -2.393
                      ],
                      [
                        -1.97,
                        -4.346
                      ],
                      [
                        0,
                        -5.827
                      ],
                      [
                        4.606,
                        -5.013
                      ],
                      [
                        7.129,
                        0
                      ],
                      [
                        4.639,
                        4.964
                      ],
                      [
                        0,
                        8.627
                      ]
                    ],
                    "o": [
                      [
                        4.834,
                        -4.606
                      ],
                      [
                        4.72,
                        0
                      ],
                      [
                        3.792,
                        2.393
                      ],
                      [
                        1.969,
                        4.346
                      ],
                      [
                        0,
                        9.212
                      ],
                      [
                        -4.607,
                        5.013
                      ],
                      [
                        -6.999,
                        0
                      ],
                      [
                        -4.639,
                        -4.964
                      ],
                      [
                        0,
                        -10.774
                      ]
                    ],
                    "v": [
                      [
                        21.851,
                        -57.788
                      ],
                      [
                        39.16,
                        -64.697
                      ],
                      [
                        51.929,
                        -61.108
                      ],
                      [
                        60.571,
                        -51.001
                      ],
                      [
                        63.525,
                        -35.742
                      ],
                      [
                        56.616,
                        -14.404
                      ],
                      [
                        39.014,
                        -6.885
                      ],
                      [
                        21.558,
                        -14.331
                      ],
                      [
                        14.6,
                        -34.717
                      ]
                    ],
                    "c": true
                  },
                  "ix": 2
                },
                "nm": "O",
                "mn": "ADBE Vector Shape - Group",
                "hd": false
              }
            ],
            "nm": "O",
            "np": 5,
            "cix": 2,
            "ix": 1,
            "mn": "ADBE Vector Group",
            "hd": false
          }
        ]
      },
      "fFamily": "Arial"
    },
    {
      "ch": "A",
      "size": 72,
      "style": "Regular",
      "w": 66.7,
      "data": {
        "shapes": [
          {
            "ty": "gr",
            "it": [
              {
                "ind": 0,
                "ty": "sh",
                "ix": 1,
                "ks": {
                  "a": 0,
                  "k": {
                    "i": [
                      [
                        0,
                        0
                      ],
                      [
                        0,
                        0
                      ],
                      [
                        0,
                        0
                      ],
                      [
                        0,
                        0
                      ],
                      [
                        0,
                        0
                      ],
                      [
                        0,
                        0
                      ],
                      [
                        0,
                        0
                      ],
                      [
                        0,
                        0
                      ]
                    ],
                    "o": [
                      [
                        0,
                        0
                      ],
                      [
                        0,
                        0
                      ],
                      [
                        0,
                        0
                      ],
                      [
                        0,
                        0
                      ],
                      [
                        0,
                        0
                      ],
                      [
                        0,
                        0
                      ],
                      [
                        0,
                        0
                      ],
                      [
                        0,
                        0
                      ]
                    ],
                    "v": [
                      [
                        9.912,
                        0
                      ],
                      [
                        17.773,
                        -21.68
                      ],
                      [
                        47.705,
                        -21.68
                      ],
                      [
                        56.055,
                        0
                      ],
                      [
                        66.846,
                        0
                      ],
                      [
                        37.549,
                        -71.582
                      ],
                      [
                        27.344,
                        -71.582
                      ],
                      [
                        -0.146,
                        0
                      ]
                    ],
                    "c": true
                  },
                  "ix": 2
                },
                "nm": "A",
                "mn": "ADBE Vector Shape - Group",
                "hd": false
              },
              {
                "ind": 1,
                "ty": "sh",
                "ix": 2,
                "ks": {
                  "a": 0,
                  "k": {
                    "i": [
                      [
                        0,
                        0
                      ],
                      [
                        -0.912,
                        4.59
                      ],
                      [
                        -2.279,
                        -6.022
                      ],
                      [
                        0,
                        0
                      ],
                      [
                        0,
                        0
                      ]
                    ],
                    "o": [
                      [
                        1.66,
                        -4.524
                      ],
                      [
                        1.106,
                        3.874
                      ],
                      [
                        0,
                        0
                      ],
                      [
                        0,
                        0
                      ],
                      [
                        0,
                        0
                      ]
                    ],
                    "v": [
                      [
                        28.369,
                        -50.391
                      ],
                      [
                        32.227,
                        -64.062
                      ],
                      [
                        37.305,
                        -49.219
                      ],
                      [
                        44.775,
                        -29.395
                      ],
                      [
                        20.508,
                        -29.395
                      ]
                    ],
                    "c": true
                  },
                  "ix": 2
                },
                "nm": "A",
                "mn": "ADBE Vector Shape - Group",
                "hd": false
              }
            ],
            "nm": "A",
            "np": 5,
            "cix": 2,
            "ix": 1,
            "mn": "ADBE Vector Group",
            "hd": false
          }
        ]
      },
      "fFamily": "Arial"
    },
    {
      "ch": "D",
      "size": 72,
      "style": "Regular",
      "w": 72.22,
      "data": {
        "shapes": [
          {
            "ty": "gr",
            "it": [
              {
                "ind": 0,
                "ty": "sh",
                "ix": 1,
                "ks": {
                  "a": 0,
                  "k": {
                    "i": [
                      [
                        0,
                        0
                      ],
                      [
                        -3.337,
                        0.814
                      ],
                      [
                        -2.361,
                        1.579
                      ],
                      [
                        -1.986,
                        2.751
                      ],
                      [
                        -1.27,
                        4.199
                      ],
                      [
                        0,
                        5.437
                      ],
                      [
                        1.871,
                        4.964
                      ],
                      [
                        3.776,
                        3.191
                      ],
                      [
                        4.102,
                        0.945
                      ],
                      [
                        5.566,
                        0
                      ],
                      [
                        0,
                        0
                      ],
                      [
                        0,
                        0
                      ]
                    ],
                    "o": [
                      [
                        4.329,
                        0
                      ],
                      [
                        3.336,
                        -0.813
                      ],
                      [
                        2.36,
                        -1.579
                      ],
                      [
                        1.985,
                        -2.75
                      ],
                      [
                        1.27,
                        -4.199
                      ],
                      [
                        0,
                        -6.38
                      ],
                      [
                        -1.872,
                        -4.964
                      ],
                      [
                        -2.898,
                        -2.473
                      ],
                      [
                        -2.93,
                        -0.684
                      ],
                      [
                        0,
                        0
                      ],
                      [
                        0,
                        0
                      ],
                      [
                        0,
                        0
                      ]
                    ],
                    "v": [
                      [
                        33.545,
                        0
                      ],
                      [
                        45.044,
                        -1.221
                      ],
                      [
                        53.589,
                        -4.81
                      ],
                      [
                        60.107,
                        -11.304
                      ],
                      [
                        64.99,
                        -21.729
                      ],
                      [
                        66.895,
                        -36.182
                      ],
                      [
                        64.087,
                        -53.198
                      ],
                      [
                        55.615,
                        -65.43
                      ],
                      [
                        45.117,
                        -70.557
                      ],
                      [
                        32.373,
                        -71.582
                      ],
                      [
                        7.715,
                        -71.582
                      ],
                      [
                        7.715,
                        0
                      ]
                    ],
                    "c": true
                  },
                  "ix": 2
                },
                "nm": "D",
                "mn": "ADBE Vector Shape - Group",
                "hd": false
              },
              {
                "ind": 1,
                "ty": "sh",
                "ix": 2,
                "ks": {
                  "a": 0,
                  "k": {
                    "i": [
                      [
                        0,
                        0
                      ],
                      [
                        0,
                        0
                      ],
                      [
                        -2.539,
                        -0.977
                      ],
                      [
                        -2.458,
                        -4.02
                      ],
                      [
                        0,
                        -7.487
                      ],
                      [
                        1.253,
                        -3.792
                      ],
                      [
                        2.246,
                        -2.246
                      ],
                      [
                        2.686,
                        -0.879
                      ],
                      [
                        4.72,
                        0
                      ],
                      [
                        0,
                        0
                      ]
                    ],
                    "o": [
                      [
                        0,
                        0
                      ],
                      [
                        5.631,
                        0
                      ],
                      [
                        3.516,
                        1.367
                      ],
                      [
                        2.457,
                        4.021
                      ],
                      [
                        0,
                        5.404
                      ],
                      [
                        -1.254,
                        3.793
                      ],
                      [
                        -1.595,
                        1.595
                      ],
                      [
                        -2.686,
                        0.879
                      ],
                      [
                        0,
                        0
                      ],
                      [
                        0,
                        0
                      ]
                    ],
                    "v": [
                      [
                        17.188,
                        -63.135
                      ],
                      [
                        32.227,
                        -63.135
                      ],
                      [
                        44.482,
                        -61.67
                      ],
                      [
                        53.442,
                        -53.589
                      ],
                      [
                        57.129,
                        -36.328
                      ],
                      [
                        55.249,
                        -22.534
                      ],
                      [
                        50,
                        -13.477
                      ],
                      [
                        43.579,
                        -9.766
                      ],
                      [
                        32.471,
                        -8.447
                      ],
                      [
                        17.188,
                        -8.447
                      ]
                    ],
                    "c": true
                  },
                  "ix": 2
                },
                "nm": "D",
                "mn": "ADBE Vector Shape - Group",
                "hd": false
              }
            ],
            "nm": "D",
            "np": 5,
            "cix": 2,
            "ix": 1,
            "mn": "ADBE Vector Group",
            "hd": false
          }
        ]
      },
      "fFamily": "Arial"
    },
    {
      "ch": "I",
      "size": 72,
      "style": "Regular",
      "w": 27.78,
      "data": {
        "shapes": [
          {
            "ty": "gr",
            "it": [
              {
                "ind": 0,
                "ty": "sh",
                "ix": 1,
                "ks": {
                  "a": 0,
                  "k": {
                    "i": [
                      [
                        0,
                        0
                      ],
                      [
                        0,
                        0
                      ],
                      [
                        0,
                        0
                      ],
                      [
                        0,
                        0
                      ]
                    ],
                    "o": [
                      [
                        0,
                        0
                      ],
                      [
                        0,
                        0
                      ],
                      [
                        0,
                        0
                      ],
                      [
                        0,
                        0
                      ]
                    ],
                    "v": [
                      [
                        18.799,
                        0
                      ],
                      [
                        18.799,
                        -71.582
                      ],
                      [
                        9.326,
                        -71.582
                      ],
                      [
                        9.326,
                        0
                      ]
                    ],
                    "c": true
                  },
                  "ix": 2
                },
                "nm": "I",
                "mn": "ADBE Vector Shape - Group",
                "hd": false
              }
            ],
            "nm": "I",
            "np": 3,
            "cix": 2,
            "ix": 1,
            "mn": "ADBE Vector Group",
            "hd": false
          }
        ]
      },
      "fFamily": "Arial"
    },
    {
      "ch": "N",
      "size": 72,
      "style": "Regular",
      "w": 72.22,
      "data": {
        "shapes": [
          {
            "ty": "gr",
            "it": [
              {
                "ind": 0,
                "ty": "sh",
                "ix": 1,
                "ks": {
                  "a": 0,
                  "k": {
                    "i": [
                      [
                        0,
                        0
                      ],
                      [
                        0,
                        0
                      ],
                      [
                        0,
                        0
                      ],
                      [
                        0,
                        0
                      ],
                      [
                        0,
                        0
                      ],
                      [
                        0,
                        0
                      ],
                      [
                        0,
                        0
                      ],
                      [
                        0,
                        0
                      ],
                      [
                        0,
                        0
                      ],
                      [
                        0,
                        0
                      ]
                    ],
                    "o": [
                      [
                        0,
                        0
                      ],
                      [
                        0,
                        0
                      ],
                      [
                        0,
                        0
                      ],
                      [
                        0,
                        0
                      ],
                      [
                        0,
                        0
                      ],
                      [
                        0,
                        0
                      ],
                      [
                        0,
                        0
                      ],
                      [
                        0,
                        0
                      ],
                      [
                        0,
                        0
                      ],
                      [
                        0,
                        0
                      ]
                    ],
                    "v": [
                      [
                        16.699,
                        0
                      ],
                      [
                        16.699,
                        -56.25
                      ],
                      [
                        54.297,
                        0
                      ],
                      [
                        64.014,
                        0
                      ],
                      [
                        64.014,
                        -71.582
                      ],
                      [
                        54.932,
                        -71.582
                      ],
                      [
                        54.932,
                        -15.381
                      ],
                      [
                        17.334,
                        -71.582
                      ],
                      [
                        7.617,
                        -71.582
                      ],
                      [
                        7.617,
                        0
                      ]
                    ],
                    "c": true
                  },
                  "ix": 2
                },
                "nm": "N",
                "mn": "ADBE Vector Shape - Group",
                "hd": false
              }
            ],
            "nm": "N",
            "np": 3,
            "cix": 2,
            "ix": 1,
            "mn": "ADBE Vector Group",
            "hd": false
          }
        ]
      },
      "fFamily": "Arial"
    },
    {
      "ch": "G",
      "size": 72,
      "style": "Regular",
      "w": 77.78,
      "data": {
        "shapes": [
          {
            "ty": "gr",
            "it": [
              {
                "ind": 0,
                "ty": "sh",
                "ix": 1,
                "ks": {
                  "a": 0,
                  "k": {
                    "i": [
                      [
                        0,
                        0
                      ],
                      [
                        0,
                        0
                      ],
                      [
                        3.906,
                        -1.579
                      ],
                      [
                        4.102,
                        0
                      ],
                      [
                        4.199,
                        2.084
                      ],
                      [
                        2.197,
                        4.297
                      ],
                      [
                        0,
                        6.38
                      ],
                      [
                        -1.823,
                        4.427
                      ],
                      [
                        -1.937,
                        2.148
                      ],
                      [
                        -3.158,
                        1.318
                      ],
                      [
                        -4.33,
                        0
                      ],
                      [
                        -2.962,
                        -1.253
                      ],
                      [
                        -1.595,
                        -2.083
                      ],
                      [
                        -1.074,
                        -3.645
                      ],
                      [
                        0,
                        0
                      ],
                      [
                        2.376,
                        2.995
                      ],
                      [
                        4.182,
                        1.677
                      ],
                      [
                        5.176,
                        0
                      ],
                      [
                        5.469,
                        -2.93
                      ],
                      [
                        2.913,
                        -6.038
                      ],
                      [
                        0,
                        -6.966
                      ],
                      [
                        -2.93,
                        -5.696
                      ],
                      [
                        -5.746,
                        -3.011
                      ],
                      [
                        -7.031,
                        0
                      ],
                      [
                        -4.948,
                        1.871
                      ],
                      [
                        -4.655,
                        3.711
                      ],
                      [
                        0,
                        0
                      ],
                      [
                        0,
                        0
                      ],
                      [
                        0,
                        0
                      ]
                    ],
                    "o": [
                      [
                        0,
                        0
                      ],
                      [
                        -2.019,
                        1.791
                      ],
                      [
                        -3.906,
                        1.579
                      ],
                      [
                        -4.72,
                        0
                      ],
                      [
                        -4.199,
                        -2.083
                      ],
                      [
                        -2.197,
                        -4.297
                      ],
                      [
                        0,
                        -5.176
                      ],
                      [
                        1.074,
                        -2.571
                      ],
                      [
                        1.936,
                        -2.148
                      ],
                      [
                        3.157,
                        -1.318
                      ],
                      [
                        3.613,
                        0
                      ],
                      [
                        2.962,
                        1.254
                      ],
                      [
                        1.595,
                        2.084
                      ],
                      [
                        0,
                        0
                      ],
                      [
                        -1.237,
                        -4.817
                      ],
                      [
                        -2.377,
                        -2.995
                      ],
                      [
                        -4.183,
                        -1.676
                      ],
                      [
                        -7.129,
                        0
                      ],
                      [
                        -5.469,
                        2.93
                      ],
                      [
                        -2.914,
                        6.039
                      ],
                      [
                        0,
                        7.031
                      ],
                      [
                        2.93,
                        5.697
                      ],
                      [
                        5.745,
                        3.011
                      ],
                      [
                        5.208,
                        0
                      ],
                      [
                        4.948,
                        -1.871
                      ],
                      [
                        0,
                        0
                      ],
                      [
                        0,
                        0
                      ],
                      [
                        0,
                        0
                      ],
                      [
                        0,
                        0
                      ]
                    ],
                    "v": [
                      [
                        62.256,
                        -28.076
                      ],
                      [
                        62.256,
                        -14.746
                      ],
                      [
                        53.369,
                        -9.692
                      ],
                      [
                        41.357,
                        -7.324
                      ],
                      [
                        27.979,
                        -10.449
                      ],
                      [
                        18.384,
                        -20.02
                      ],
                      [
                        15.088,
                        -36.035
                      ],
                      [
                        17.822,
                        -50.439
                      ],
                      [
                        22.339,
                        -57.52
                      ],
                      [
                        29.98,
                        -62.72
                      ],
                      [
                        41.211,
                        -64.697
                      ],
                      [
                        51.074,
                        -62.817
                      ],
                      [
                        57.91,
                        -57.812
                      ],
                      [
                        61.914,
                        -49.219
                      ],
                      [
                        70.459,
                        -51.562
                      ],
                      [
                        65.039,
                        -63.281
                      ],
                      [
                        55.2,
                        -70.288
                      ],
                      [
                        41.162,
                        -72.803
                      ],
                      [
                        22.266,
                        -68.408
                      ],
                      [
                        9.692,
                        -54.956
                      ],
                      [
                        5.322,
                        -35.449
                      ],
                      [
                        9.717,
                        -16.357
                      ],
                      [
                        22.729,
                        -3.296
                      ],
                      [
                        41.895,
                        1.221
                      ],
                      [
                        57.129,
                        -1.587
                      ],
                      [
                        71.533,
                        -9.961
                      ],
                      [
                        71.533,
                        -36.523
                      ],
                      [
                        41.211,
                        -36.475
                      ],
                      [
                        41.211,
                        -28.076
                      ]
                    ],
                    "c": true
                  },
                  "ix": 2
                },
                "nm": "G",
                "mn": "ADBE Vector Shape - Group",
                "hd": false
              }
            ],
            "nm": "G",
            "np": 3,
            "cix": 2,
            "ix": 1,
            "mn": "ADBE Vector Group",
            "hd": false
          }
        ]
      },
      "fFamily": "Arial"
    },
    {
      "ch": ".",
      "size": 72,
      "style": "Regular",
      "w": 27.78,
      "data": {
        "shapes": [
          {
            "ty": "gr",
            "it": [
              {
                "ind": 0,
                "ty": "sh",
                "ix": 1,
                "ks": {
                  "a": 0,
                  "k": {
                    "i": [
                      [
                        0,
                        0
                      ],
                      [
                        0,
                        0
                      ],
                      [
                        0,
                        0
                      ],
                      [
                        0,
                        0
                      ]
                    ],
                    "o": [
                      [
                        0,
                        0
                      ],
                      [
                        0,
                        0
                      ],
                      [
                        0,
                        0
                      ],
                      [
                        0,
                        0
                      ]
                    ],
                    "v": [
                      [
                        19.092,
                        0
                      ],
                      [
                        19.092,
                        -10.01
                      ],
                      [
                        9.082,
                        -10.01
                      ],
                      [
                        9.082,
                        0
                      ]
                    ],
                    "c": true
                  },
                  "ix": 2
                },
                "nm": ".",
                "mn": "ADBE Vector Shape - Group",
                "hd": false
              }
            ],
            "nm": ".",
            "np": 3,
            "cix": 2,
            "ix": 1,
            "mn": "ADBE Vector Group",
            "hd": false
          }
        ]
      },
      "fFamily": "Arial"
    }
  ]
}